Velocity[i] (m/s),Velocity[j] (m/s),Velocity[k] (m/s),X (m),Y (m),Z (m)
-0.0060122199055748695,0.0013359392581092908,-0.0002144100726582,-0.5171922190839022,0.06420543697125501,0.0628341890587759
-0.019101057179805595,0.00397460148704848,-0.0010067409602925,-0.516882845114694,0.06543106734589609,0.0617967910927107
-0.005745728504613557,0.0013411839339723963,-0.0001623660791665,-0.5430938542888035,0.0647717980693844,0.0550271271140688
-0.03308467995171395,0.0071148935138197035,-0.0020893078763037,-0.5325679913602073,0.06519975291002895,0.0530285521942057
-0.00538368296165178,0.001326782525767232,-8.418138895649464e-05,-0.5845092073783064,0.0657859839900092,0.0379035095444023
-0.01749747258751059,0.004169673497081588,-0.0006700683734379,-0.5586546002396436,0.06503331223663382,0.0459193047641485
-0.05000224820102263,0.010216132743529968,-0.0044312658719718,-0.5222951167293479,0.06462545528023583,0.0517206671479567
-0.015884184330363885,0.003987268433653766,0.000167086298461,-0.5743437284743592,0.06478625915979702,-0.0373017084650019
-0.004959827833460467,0.0012573817822699024,2.7300937290419824e-05,-0.5845073047507312,0.06579355886372822,-0.0379273814176133
-0.031715352503804646,0.007199101498323968,-0.001780693186447,-0.5484372803024312,0.06423892824467772,0.0449943873937688
-0.01701518122070854,0.004069652291222115,-0.0005599625292234,-0.5743456355292376,0.06477866702188617,0.0372777252159827
-0.030409688434448825,0.00726751321021304,-0.001272948924452,-0.564108166410918,0.06406410641947756,0.0365268761979388
-0.02837098004760622,0.007045743812033903,0.0006302169640548,-0.5641062664693313,0.064071665889606,-0.036550830580781
-0.01465301034346357,0.0037258986537023896,-8.810537110548466e-06,-0.5898190512424217,0.0653862427915434,-0.0283643231861015
-0.004575608706065282,0.001168436894915964,-5.3415809816215194e-05,-0.6052972816468579,0.06524602273610117,-0.0194482977035322
-0.014182239681235978,0.0035744257307147075,-7.671179628232494e-05,-0.5951207820770609,0.06433182624779615,-0.0191312658335716
-0.026224937438838993,0.006663817856423691,0.0002616268466226,-0.5795656615762061,0.06473475996224705,-0.0277955632220949
-0.016193327283940316,0.003939113333572295,-0.0004607884038705,-0.5898245594374363,0.06536433413449552,0.0282770573086216
-0.004851214913911483,0.0012228410748863175,-4.805002390639857e-05,-0.6053036543029244,0.06522181972213448,0.0193229891475413
-0.03951718875449895,0.009980249330664138,0.0008235659915953,-0.5692204789034424,0.06444692714965972,-0.0271125798574634
-0.004650469341681233,0.0011823835565452376,-2.2432925106841136e-05,-0.609963172039326,0.06492688745154702,0.0097087333583856
-0.014600354342261252,0.0036618115773259146,-0.0001270151988137,-0.5998200386475799,0.06404501508019154,0.0095486955428743
-0.015290797728159831,0.0038250678703943162,-0.0003285160346422,-0.5951272209432216,0.06430725836969725,0.0190041332725639
-0.028855464387729117,0.007033687139659779,-0.0011296785669401,-0.5795712128068129,0.06471267636320129,0.0277075371205624
-0.01397716601241202,0.0035150156172388098,-0.0001029668565024,-0.5998170145916534,0.06405692154011754,-0.0096353632880999
-0.004461212569177653,0.0011371490855217224,-3.843806553049944e-05,-0.6099601929991941,0.06493862434107171,-0.0097943338112549
-0.01417509332642336,0.0035841976637425613,-0.0001064903044607,-0.604417635491098,0.06472333818327945,-2.3214961994400506e-05
-0.004468317810856874,0.0011395552725307254,1.4347607475428958e-06,-0.6145331887825904,0.06559010787650026,-2.305754523152176e-05
-0.0718987920886994,0.016498912688735396,-0.0069548697210848,-0.543308101886058,0.06484524579825102,0.0337335977850792
-0.052213000568653314,0.013168660743944478,0.0016306306933984,-0.55939539355415,0.06437495662473632,-0.026483886473202
-0.024986798426572407,0.006281326036165049,-0.0003168602124787,-0.5942223069065098,0.06417349505820034,-2.323285421786071e-05
-0.02592936588222137,0.006497890393902361,-0.0004374545824248,-0.5993421476721422,0.06593828439593954,0.0093566667195155
-0.037409381634648575,0.009439617607641443,0.0002623070904519,-0.5842986852535639,0.06596596121774029,-0.0182882870994847
-0.03709256624454786,0.009334699352068787,-0.0007015940500423,-0.5839312365121574,0.0640038312778175,-2.308070200023526e-05
-0.04073132723230673,0.010145202050390595,-0.0017383854137733,-0.5843050138079621,0.06594162773266578,0.0181624829621315
-0.06233513688055686,0.015098461783393987,-0.0048570893704891,-0.5588788162689547,0.0645405194643148,0.0260732542731703
-0.04347008176964144,0.01074503209341243,-0.0023722853511571,-0.5692260444949927,0.06442478296715991,0.027024224659523
-0.024746037243009954,0.00622643590155749,-0.0001777702273102,-0.599339174390571,0.06594997948808567,-0.0094415987792633
-0.05753655313087841,0.01515715304204366,-0.000447506958153,-0.567916067405236,0.06554477937298622,-0.0079642115973398
-0.05417557486561773,0.013964430479328167,0.0010151223978027,-0.5643597667799379,0.06472821380727481,-0.0182123859931775
-0.0617616217342347,0.015844237270332295,-0.0038339109160006,-0.5643388530440625,0.06503642356026242,0.0168517911439128
-0.06006538232263997,0.0155686912338021,-0.0027111009694635,-0.5679970653941183,0.06505067858150328,0.0084755552151504
-0.036498708479133536,0.009283775444290477,-0.0002331833966309,-0.5890209263751959,0.06576184281791961,-0.0092114995259048
-0.038407814039487176,0.009695093940110446,-0.0010640297550708,-0.589023922234763,0.06575007177026156,0.0091262869798435
0.0,0.0,0.0,-0.5432450468714033,0.06417282517652771,0.0554398936849269
0.0,0.0,0.0,-0.5689617448628873,0.06547184351968738,0.0470403968590591
0.0,0.0,0.0,-0.5689617429167175,0.06547185170096254,-0.0470404045578801
0.0,0.0,0.0,-0.5846772006260949,0.06512045246730835,0.0381878505595338
0.0,0.0,0.0,-0.5846759069332791,0.06512533352511597,-0.0382049280896071
0.0,0.0,0.0,-0.600169726226591,0.06565174447442189,-0.0290540901889469
0.0,0.0,0.0,-0.6054696529547168,0.06454088607020143,-0.0196074261778829
0.0,0.0,0.0,-0.6001753715749261,0.06562986818115905,0.028967379631727
0.0,0.0,0.0,-0.6054761141371785,0.06451362900173112,0.0194671763410608
0.0,0.0,0.0,-0.6101438694555494,0.06420949582125865,0.0097782721545531
0.0,0.0,0.0,-0.6101410353519449,0.06422121554382912,-0.009864497762364
0.0,0.0,0.0,-0.6147290829207439,0.06487308614564787,-1.6246822497242837e-05
-0.0171504694106266,0.004195437392848682,0.0002440114185446,-0.5586546158450808,0.06503324286224235,-0.0459191467911328
-0.005525472872623607,0.0013802921466433526,6.463854788307799e-06,-0.543093843676216,0.06477183944929092,-0.0550271827635523
-0.030384823733403135,0.007273907333118411,0.0007226067828014,-0.5484373110945502,0.06423879207174335,-0.0449940882432534
-0.005803964097770769,0.0013745609174269377,0.0001149968884419,-0.5171921942349932,0.064205533155657,-0.062834306591588
-0.0313412476801866,0.007477648528042421,0.0010247699683532,-0.5325679939007432,0.06519973905988073,-0.0530285114577549
-0.018359231103920664,0.004180557966728814,0.0005912533379159,-0.5168828230030064,0.06543115473207019,-0.0617968959635467
-0.006061446619455559,0.001367809447453806,0.0001629978360142,-0.49111008645339976,0.06435414321418242,-0.070036288533612
-0.006123178140940674,0.0011968147739854576,-0.0003444070753175,-0.4911101171091699,0.06435402155306802,0.0700361620965034
-0.03459717926392684,0.00675232617826427,-0.0025556127075105,-0.5067178246412876,0.06442949077512267,0.0605520623989238
-0.019193514174032814,0.004101813594244288,0.0007808982045389,-0.4908270890598077,0.06547527842981063,-0.0688799817430583
-0.006430590011690669,0.0013377668988967394,0.0002401771780569,-0.46486290628277843,0.06515671104134112,-0.0765637694479898
-0.0684540382136257,0.016779320720056022,0.0040946756489574,-0.5425966384466827,0.06578477683037783,-0.0338318230861784
-0.07022600303270533,0.018835334743949845,0.002712732180953,-0.5445382504681809,0.06572989334971104,-0.0214789339774457
-0.04824527282176757,0.011016617673370413,0.0026108773890882,-0.5222951284758843,0.06462540313157368,-0.0517205593722375
-0.03319264398416769,0.007278826120553376,0.0015533597907051,-0.5067178045244025,0.0644295695736096,-0.0605521548082297
-0.019521456729806437,0.0035724702359535973,-0.001380018191412,-0.49082711933781614,0.06547515993878818,0.0688798586404267
-0.07321878191100553,0.020678382155456917,0.0017677387222647,-0.5359456331072235,0.06535113638827182,-0.0137595352731637
-0.0064330309565709875,0.0011205802359477233,-0.0004333989345468,-0.46486293137917506,0.06515661003261806,0.0765636793824973
-0.0690274878307562,0.015720521854244232,0.0046970685943961,-0.5270412711954805,0.06442595952114342,-0.0429625786836868
-0.03481604937179114,0.0069306927473922145,0.0018962611211463,-0.48069371669341915,0.0643483250500892,-0.0674925818507898
-0.006572653079804855,0.0012158639241007612,0.0002957225369755,-0.42867381010039773,0.06407383908328809,-0.0823538974442761
-0.03540913940188873,0.006104796002983674,-0.0031776400282979,-0.48069374606444876,0.0643482079512548,0.0674924607515963
-0.07997940154343039,0.014736318797493243,-0.0097494358196854,-0.512276641438218,0.06592043574102095,0.0499410808280541
-0.08005912178604227,0.02486279426496185,0.0007893870933912,-0.5163965439842813,0.06591863019336987,-0.0080109054124605
-0.007037810328032745,0.0010218669101084955,-0.0005064622964709,-0.42867382425478595,0.06407378186417408,0.0823538551536971
-0.08540190844627439,0.020329026307633107,0.0079115619882941,-0.507724442837661,0.06475397417391163,-0.0383050275118609
-0.05372753428986127,0.009907190787626394,0.0040367003530263,-0.48028631295252816,0.06596231656870152,-0.0658279566359723
-0.03699453995257431,0.006648391028371319,0.0024091738741844,-0.45451055433307747,0.06489727582449212,-0.0737829889293043
-0.02113576744161199,0.003536951442100195,0.0012222083751112,-0.42845146069416035,0.06495471046775914,-0.0809942271754339
-0.08839710100765152,0.02723662429394137,-0.0072662062011659,-0.50925566228077,0.06595506218409973,0.0113744022211978
-0.09134368516932241,0.01874092505316831,-0.0122796203941106,-0.5077350868723183,0.06589973812515026,0.0420240472047267
-0.08078514177928121,0.013372111026617112,-0.010130968876183,-0.49523658676884513,0.06597153696590219,0.0564679600105838
-0.054601007919612386,0.008632619358687749,-0.0057017286308109,-0.4802863411064791,0.06596220413246806,0.0658278407837302
-0.08544844310835896,0.026172759161259877,0.0052441633306443,-0.503259795273019,0.0655657233608318,-0.0169097463002152
-0.037676818280913536,0.005528173944119508,-0.0036072426009923,-0.45451057893079977,0.06489717653707333,0.0737829005657268
-0.022358773572757243,0.0029649159174816382,-0.0018599034519866,-0.4284514742978065,0.06495465415016487,0.0809941856805861
-0.09042926332779033,0.026545878332125714,0.0082146096974611,-0.4938852344593246,0.06484902579987777,-0.0244889141647155
-0.08608880144685806,0.01217434032987752,-0.0111589562147855,-0.4698185860080352,0.0656103286090119,0.0625672971024236
-0.07864410721269241,0.013315318497745345,0.0080793984234333,-0.47022290067492073,0.06529007818819285,-0.0629373787207713
-0.08698692965795526,0.014021473673279746,0.0097251310944557,-0.4601693534365768,0.0648336546639307,-0.0628622083887133
-0.022639262461460998,0.002942223533124654,0.001635636202991,-0.39216635336101846,0.06425220170207314,-0.085908746594162
-0.10114081544773301,0.016584772831538298,-0.015588161535561,-0.46335874161491347,0.06429798364787266,0.0504971866705834
-0.007641932595697631,0.0005699248228372322,-0.0005626970669254,-0.3657199902258463,0.06584386206424746,0.0915067030584347
-0.02374645146802758,0.0023786042429148322,-0.0019831650424748,-0.3921663596406624,0.06425217558922412,0.0859087310745372
-0.09722571378648759,0.018586855955364915,0.0123470993712544,-0.46443863535253355,0.06426373708063574,-0.0507502772714624
-0.06056543350099987,0.007957655980106247,0.0053686080500483,-0.41807076023768264,0.06480758122385238,-0.0774054326125465
-0.10167275942153865,0.024529210391309945,0.0136499684303998,-0.4671320721243933,0.06556955059955855,-0.0383793315802655
-0.04118183457481355,0.0048998454427451165,0.0034464988857507,-0.39193998608233727,0.06514898829871563,-0.0841783496716239
-0.10575777089951442,0.019022036390541973,-0.0175798926502466,-0.4528263016132869,0.06426473184356153,0.0456299765581143
-0.090686732058515,0.03551802406984985,-0.0034949854016304,-0.46592565940928804,0.06579865120752681,0.0022343290580822
-0.06346156096764582,0.006427996915452268,-0.0065937372855842,-0.4180707743156587,0.06480752720518017,0.0774053922747286
-0.09407145842294157,0.010663174449839097,-0.0123103000223636,-0.4341317185088485,0.06506707167360098,0.0684798142090121
-0.0432109717952029,0.003895684805302375,-0.0039684358052909,-0.39193999271560453,0.06514896282291412,0.0841783342925129
-0.0074738403523920095,0.0009153879694399857,0.0004042495565954,-0.36571998675444645,0.06584387420504821,-0.0915067089994615
-0.0865458733661967,0.010285678396072629,0.0088467365130782,-0.4182247444077039,0.06579754933346205,-0.0748476486561694
-0.09397584640190228,0.03713418781097919,0.0076824286952614,-0.44632976594191165,0.06416787664854892,-0.0143001621315137
-0.10722559499937352,0.012770879864234197,-0.016183627769351,-0.430531305616798,0.06550296556534144,0.0603931602177099
-0.10914903226232812,0.017860390070212662,-0.0187614578753709,-0.435348421424292,0.06490741654395035,0.0481655529377976
-0.08892652752738381,0.008147264461031518,-0.0103447940200567,-0.4076851310980411,0.06408074744335965,0.0756627374210462
-0.025114497972806515,0.0016624403604292108,-0.0020272510591894,-0.35577301590636096,0.0639784625931121,0.0899959192911508
-0.09092453924975086,0.010166540147494333,0.0096069229766726,-0.40840583234408956,0.06457587402877762,-0.0751607768390978
-0.02401617607448173,0.002401257961331382,0.001547664985992,-0.35577301325619065,0.06397847485863599,-0.0899959252825233
-0.10059208839956359,0.03582542211435878,0.0133769232779741,-0.4333007322782276,0.06405904805876064,-0.023886663366276
-0.11087434079444518,0.019035024606159908,0.0172928944230079,-0.412610374327008,0.06499632852474001,-0.0503014604488887
-0.09594977958000618,0.041982523071608255,0.009433127939701,-0.4227841536896156,0.06433785894396865,-0.0151237583815087
-0.04577957263884844,0.0027969372424618264,-0.0039177499711513,-0.3555892492634687,0.06470648082220769,0.0881831971800814
-0.09616706990211718,0.043812469877627325,-0.0089657409116625,-0.4206114075085427,0.06564412491733845,0.0107159425183269
-0.09436861072868136,0.006393527765469247,-0.0100500211119651,-0.3816617577160436,0.06552534540158984,0.0800127403626062
-0.11085056245880061,0.00913056422593744,-0.014623743481934,-0.3946861144296241,0.06482875259692265,0.0696468985697983
-0.044167458916474146,0.003920303653614159,0.0030541899614036,-0.3555892469238696,0.06470649297201732,-0.0881832030816813
-0.10768350729344241,0.027950512813149465,0.0177915915846824,-0.40634028976636316,0.06566304618047829,-0.036747958517698
-0.10126876103183068,0.008789950297903991,0.0101352101191878,-0.3810859918777266,0.06567068679227986,-0.0786450781370466
-0.07017341778311122,0.003992955335546695,-0.0064410576596856,-0.35536876364428865,0.06557996864493743,0.0860082655176591
-0.02633374696422863,0.0011764256486637332,-0.0016637967200949,-0.31929180845523636,0.06405283398388274,0.0932163980058281
-0.008902597972181478,0.000286266368411959,-0.0003873929672408,-0.2828220309945625,0.06408192430675534,0.0971429916569676
-0.11430617517897927,0.008021814026621677,-0.0142696872353553,-0.37932907564515234,0.06566450150218474,0.070910454828117
-0.06891216035022014,0.005354153372706881,0.0051160263828933,-0.35536876112818394,0.06557998011487969,-0.0860082712167209
-0.02616696250816179,0.0019319196256553292,0.0014425432309508,-0.31929180709788135,0.06405283958115052,-0.0932163997543998
-0.11555861783915587,0.010956015136550337,0.0142784211784601,-0.37778222051762844,0.06559871590480322,-0.0672779773491616
-0.11627263724688672,0.006944782946550088,-0.0129724936559796,-0.36357306251414623,0.06569177816528257,0.0733447294433646
-0.048178247690436424,0.0019485160049989543,-0.0031004610937088,-0.31915241259705146,0.06460507251761925,0.0913388081730542
-0.10744242453642598,0.0051274173086161695,-0.0094557777047157,-0.3454382371634323,0.06476194795224893,0.0830687223701314
-0.02858082920833908,0.0008579435105330613,-0.0012580278562381,-0.2827439522657391,0.06439124524430064,0.0955391521515459
-0.04782178944113226,0.003144675236324869,0.0028557050973176,-0.319152410684843,0.06460507818396782,-0.0913388098222852
-0.10263412612911625,0.03463864288158939,0.0166477710008621,-0.37818679856464604,0.06591400954974663,-0.0308444853683682
-0.008869723352860705,0.0005713571607029071,0.0003191737632732,-0.28282203001555634,0.06408192907119646,-0.0971429927150962
-0.07388812051725915,0.002852091171864835,-0.00489008333534,-0.3189851627119807,0.06526765694272343,0.0890860471903172
-0.00957008134618054,0.00021773546172816028,-0.0002126549952663,-0.24619053138663322,0.06475169998996064,0.0985691987020372
-0.05206282550351343,0.001485426720508399,-0.0023166723549365,-0.28265026868257126,0.06476238575078756,0.0936147767351577
-0.010420891041094971,0.00018360577194036123,6.306681825662964e-07,-0.20953614966167916,0.06551212761770878,0.0990461307351018
-0.10254849517183545,0.022860611010651417,-0.0167306065559387,-0.36512911829623784,0.06561998945031777,0.0379766164075328
-0.08823054009822186,0.059643301325773224,0.000568629708141,-0.3608653647141747,0.06401004127121632,0.000522296832111
-0.1179587940506702,0.01070586805262666,0.0148977329954504,-0.35860921016045966,0.064706143250493,-0.063117184813705
-0.1108480987463838,0.007200259374015795,0.0094866240397095,-0.345702402726385,0.06517590662067944,-0.0811797820554197
-0.07344899384617982,0.004232385306802901,0.0046987291425466,-0.3189851617884965,0.06526766215627725,-0.0890860487657052
-0.02850065318048916,0.001552054466376743,0.0011007507564499,-0.28274395081444925,0.06439125009299486,-0.0955391531754125
-0.12243392561119446,0.0054465068822452545,-0.0114228120073676,-0.3342257174010194,0.0656919634191186,0.0715418664212518
-0.030681016129848724,0.0006708007287964008,-0.0006690258160233,-0.24615130355042775,0.06490710852920654,0.096941812306831
-0.07923545322182039,0.002261298892578457,-0.0036084915045648,-0.2825378662480034,0.06520768562180497,0.0913058817472147
-0.03342895303354673,0.00045711163015249286,2.8318669137661345e-05,-0.2095361495471446,0.06551212734293942,0.0974108703029146
-0.08716826328171733,0.06204622331551558,-0.0001841305493144,-0.34433789789062835,0.06399188490561195,0.0038743409597089
-0.0897823817299285,0.05588809793817654,0.0090457936748862,-0.3425670216262621,0.06585306860782604,-0.0163863467674322
-0.05194217412491736,0.0024362980766596564,0.0020957454107701,-0.282650267674661,0.06476239037920545,-0.0936147777570283
-0.009474117472353652,0.00039881365433613414,0.0002064736036118,-0.24619053056433365,0.0647517034659426,-0.0985691991220235
-0.0558666403314634,0.0011764419332566643,-0.0012055678525939,-0.24610423498423012,0.06509357653671148,0.0949891842380105
-0.06068729287943059,0.000694754944245304,3.332595224492252e-05,-0.20953614993183184,0.06551212685394962,0.0954487942551727
-0.08697443473208342,0.05993242469810994,-0.0027642995119094,-0.3323337348931696,0.06513295913759064,0.0114170680126369
-0.09436036629338873,0.03949098435308541,0.0131074301898479,-0.3362737197833315,0.06418960555999634,-0.0277065463523915
-0.07872202911733928,0.00329469437128763,0.003403894836083,-0.28253786509428414,0.06520769020189264,-0.0913058827267712
-0.030663766070490078,0.0011499751863165472,0.000660405785311,-0.2461513027350163,0.0649071124765755,-0.0969418127538696
-0.08489329561310871,0.001851929671881938,-0.0017584532033652,-0.24604776195342565,0.06531730354298079,0.0926463911197293
-0.12903647607258767,0.004240081313820752,-0.0056502232328057,-0.27812996653062216,0.06436863030438043,0.0757150639026718
-0.09107623572307898,0.0011499461592456733,1.3443743227981033e-05,-0.20953615020705169,0.06551212632564515,0.093094665460582
-0.1249882269857904,0.005857471384819214,0.0080279354006052,-0.3029596192960166,0.06477262118125357,-0.0812457550857141
-0.12441051148540616,0.006135822231906051,0.0088486466556787,-0.3022128160261002,0.06468229643549517,-0.0695596926259277
-0.09086008524498157,0.030516502185610264,0.0106721343472599,-0.320744580983547,0.06564119943197873,-0.0324041278735569
-0.08307424959172165,0.06126802652233311,0.0058483630418777,-0.3049664862179259,0.06415461320368475,-0.0135613970810846
-0.010309036992250213,0.0003197968234999713,-6.499998903564119e-07,-0.20953614921950875,0.06551212945290666,-0.0990461308096287
-0.12121478499391017,0.004778446163357449,0.0056167105212807,-0.28102983552150773,0.06506822578603477,-0.0868236982777693
-0.05609437040166028,0.0018321761783031913,0.0012203964870423,-0.24610423413827165,0.06509357990043528,-0.0949891846706658
-0.13222141221339748,0.0034783362721906214,-0.0021447842009365,-0.23670680607007216,0.06444252103817165,0.087360045390889
-0.12215066364969317,0.004747352359224441,-0.0026995332445949,-0.26542854307865005,0.06541253931291191,0.0676430564961913
-0.13106383018007653,0.004582086084215161,-0.0030848595779389,-0.25680724794762105,0.06465423093897567,0.0759675085888804
-0.12815286032024123,0.005836911798916271,0.0073607852682471,-0.29106187653979915,0.06478145965047345,-0.0743707081987046
-0.08588794906549063,0.03317407530695857,0.0073973024263978,-0.3030931939174271,0.06465081933579496,-0.0300926985139771
-0.0332844650978707,0.0008241883659857989,-1.8067958080791868e-05,-0.20953614972648948,0.06551212950238491,-0.0974108702488794
-0.0848883934767971,0.0025031218486859016,0.0021980570163577,-0.2460477613045361,0.06531730717726017,-0.0926463915149169
-0.13848075201330837,0.004506720178456262,-0.0004220425907988,-0.22533049138132272,0.06431504367711545,0.0818053074976531
-0.08816647806748375,0.0054244852263318575,0.0017786542885005,-0.2588984688703811,0.06463073108878954,0.0509871792137804
-0.13981065337998594,0.006717086989858005,0.0029433097224682,-0.20354234249125708,0.06559227316085992,0.076835956482671
-0.12617160991597734,0.005677934605691967,0.0046128924004733,-0.26862838529777516,0.06402047663023759,-0.0702189614605753
-0.060834038734632355,0.0012068451665455714,-0.0001274522219318,-0.20953614945481863,0.06551212867114742,-0.0954487943372119
-0.13169114013784616,0.0058345015061580284,0.0031804209575057,-0.2529748669178246,0.06446387659992543,-0.0756265266184646
-0.10705723231478648,0.0073269229323535915,0.0043443324975669,-0.22371053392397872,0.06416221788784099,0.0607923942904772
-0.08275344563231657,0.0067496672660132435,-0.0015515995910391,-0.25637068077538044,0.06418207520780154,-0.0486996181951849
-0.09273300911673442,0.0016851035163388257,-0.0001355220301775,-0.20953614992158964,0.0655121284701911,-0.0930946654734107
-0.0644499777340677,0.05641897768145531,0.0067823040299117,-0.234770661095056,0.06474511694821379,0.010208398756825
-0.14109880768727512,0.004531165684576161,-0.0001248299813596,-0.21204242621946817,0.06473610890473025,-0.0840188333189822
-0.1326963737634551,0.0029544969974626242,-0.0003541686455719,-0.20850284187539003,0.06517113594723455,-0.0898993930119236
-0.06394647766749183,0.01193265491611591,-0.0088680917397141,-0.2277951551333965,0.0651238543863539,-0.0375949953722849
-0.06579748136864123,0.039730392947965494,-0.0044139758683741,-0.2342943321108112,0.06454347949685672,-0.0203891412289889
-0.05583467240275388,0.05341730550171756,0.0025867433287203,-0.2115782458835272,0.06501366864837468,0.0010426881541323
-0.11039362006157637,0.009507612008612635,-0.0049148122780025,-0.21378252905920264,0.06435624044759006,-0.0621462442865982
-0.13139299817702998,0.010622758917474544,-0.0045220055617392,-0.19969877895418764,0.06437056550999944,-0.0697915814946075
-0.0791920950625846,0.008603656785087828,-0.0086490660905838,-0.20723051211026106,0.06567058408639814,-0.04924629085292
-0.060737429123328815,0.009263017900384758,-0.0111733553931117,-0.19972695408675067,0.06483796043823947,-0.0394544101979637
-0.04996144955889391,0.013257844359729463,-0.012692374177277,-0.1894932789849617,0.06537558190908176,-0.0302202719575763
0.0,0.0,0.0,-0.5432450327341657,0.06417288151349078,-0.0554399755299465
0.0,0.0,0.0,-0.4649782619650808,0.06469971108244614,-0.0771380935754432
0.0,0.0,0.0,-0.46497828773984046,0.06469960932361575,0.0771380028064078
0.0,0.0,0.0,-0.4022345494638868,0.06563736205438292,-0.0880061587656332
0.0,0.0,0.0,-0.4022345561437949,0.0656373356786882,0.0880061430888216
0.0,0.0,0.0,-0.36578957612019336,0.06556818685160451,0.0921931177328817
0.0,0.0,0.0,-0.36578957349986063,0.06556819718674575,-0.0921931227518838
0.0,0.0,0.0,-0.32925458745109,0.06585562093294753,0.0954922225888858
0.0,0.0,0.0,-0.3292545860180148,0.06585562660665777,-0.0954922244177789
0.0,0.0,0.0,-0.24620835465727126,0.0646810910597988,0.0993085908743322
0.0,0.0,0.0,-0.20953614984866403,0.06551212770115156,0.0997891004828255
0.0,0.0,0.0,-0.2462083537358058,0.06468109470527342,-0.0993085913158003
0.0,0.0,0.0,-0.2095361493244448,0.06551212977302488,-0.0997891005579535
-0.04303940681000585,-0.0030829132406152977,0.0188993569463491,0.0839937771975322,0.06531154240442723,0.0654580955261058
-0.04828262795396985,-0.00441680051467975,0.0190454516559839,0.07427904157852869,0.06496421384100423,0.0685986900411098
-0.07965526820690412,-0.002442359835798658,0.0272829551249742,0.06768740445150255,0.06520119684515532,0.0674476675773301
-0.012360458407115329,-0.0010094157880415104,0.0069973235949873,0.10177132330450826,0.06507552789049627,0.0612974886134903
-0.07958026816970847,-0.0022469135021023724,-0.0274685826152563,0.06819159863864441,0.06488465496577987,-0.0675877677739562
-0.033292038604286,0.0015327940770010287,0.0176771320402622,0.10792629422479783,0.06484712390744544,0.0557458017673134
-0.03072121462872166,0.0033478460632440725,0.0166314262896776,0.11454875919214029,0.0653799613473714,0.0510345681483947
-0.02823312297090346,0.0049397035326270745,0.0154398316517472,0.12110098838161765,0.06554233990159354,0.0460843957705405
-0.0068700931030389505,0.002362911750961477,0.0040178392082452,0.14083424119082144,0.06489190835041495,0.0309523717546432
-0.011118735143150758,-0.00025540624175368084,-0.0065688765607774,0.10972219595297128,0.06580348830008143,-0.0562946305820307
-0.00723180607115573,0.0022302086679395075,-0.0043643084354698,0.1387156983505376,0.06461490726558385,-0.0343572975310343
-0.04043951540261475,-0.0016466649796683145,-0.0185376368463039,0.09017151971973303,0.06513576896928104,-0.0634185465254476
-0.11453648242359503,0.018271070706288462,0.0299442205578088,0.06888631108086606,0.06579216903933145,0.0584116698394919
-0.02573252679235968,0.006389609102556778,0.0140551449730992,0.1276099233997971,0.06529077417483259,0.0409381699595587
-0.08518481651463808,0.011129187360113544,0.030727045610547,0.08892648169864867,0.0648300905036719,0.0575292325915533
-0.07979318156603098,0.01438884597629969,0.0295836627483367,0.09574079306238793,0.06579797287941118,0.0532485015248387
-0.005709407996762633,0.003095142486843453,0.0018247357802465,0.1480456056755252,0.06532322269125367,0.0145640967978664
-0.005480725602930343,0.0032147004851110716,-0.0010020592017099,0.14951259093453562,0.06526672127173092,-0.0082851400809597
-0.009127747934229468,0.0010213226000220566,-0.005900059826672,0.1263664651533107,0.06454148592791822,-0.0467400019489466
-0.036094718738189,0.00018401936887670726,-0.0182416252791881,0.10033209425246808,0.06509214897983577,-0.0591927965560067
-0.023304858681308955,0.007507066399958211,0.0124442847445607,0.13391393906831467,0.06462593907810835,0.0357323389165314
-0.03260975773903945,0.0016713748156680795,-0.017658170312643,0.10920174482687112,0.06455978988429795,-0.0553670202285689
-0.020725548111509364,0.009563417531904391,-0.0082645332440733,0.13956175509698251,0.06559941879516573,-0.0250201377122065
-0.09817177421962328,0.00708642635031555,-0.0307909213006496,0.07342613210414387,0.06535605271490814,-0.0622595432957052
-0.11053876247970922,0.022550204607831976,0.0292301569133996,0.07573005338975375,0.06595202452186348,0.0548317244333121
-0.12114391772398603,0.032248239522749425,0.0275859329849481,0.06874121943356709,0.06480652991433146,0.0518936170492912
-0.09127080837136922,0.021349289351844106,0.029648695141077,0.09502590063347072,0.06426583747317685,0.0520268604657646
-0.087964140048665,0.02577047934402534,0.0280706845223903,0.10100838262351997,0.06444031839077975,0.0478681239380301
-0.019376485742505795,0.009892939274107856,0.0069930548779666,0.1430718932977515,0.06514096871346514,0.0199079956512606
-0.01759872574487583,0.010713868565742423,-2.1706804545829076e-05,0.14617427322092857,0.06567701243442481,5.937136757298064e-05
-0.024404206977841805,0.007342976758760567,-0.0129438415169715,0.1316391980425191,0.06473038534534616,-0.0379503522062718
-0.0509867571771591,0.0106870482127465,-0.0234297104179859,0.11261614237223204,0.06571995645103669,-0.0478277114490019
-0.12434323591187794,0.06931054780021924,0.0031079016625881,0.06936736978286916,0.06586436394169018,0.0048200291737833
-0.12002129975248375,0.031123053544510147,-0.0273126251995563,0.06866754891530047,0.06502271569080559,-0.0527102591975003
-0.12529346486025333,0.060256578724582004,-0.014468771405518,0.06782606007904426,0.06531308291423575,-0.0286861991585343
-0.12533073313756932,0.06873223839154571,-0.0067898165434598,0.06780671856187195,0.0646457645352154,-0.0143532009137395
-0.11952342419510077,0.0643445502047434,0.0095775267109274,0.07697383443584235,0.06591187185123523,0.0176295250277329
-0.05709057435035367,0.026951715261891922,0.0180816706269979,0.12753914168296224,0.06535809767983025,0.0291049288532079
-0.0804088890400078,0.03348039688076076,0.0230156555771827,0.1137737523289061,0.06467675610573557,0.0370461883284551
-0.032953445201199985,0.020045445434248146,0.0039592026732861,0.14133177286132564,0.06576162915699688,0.007636108297163
-0.0510848469481958,0.029847144431226453,0.009175669401884,0.13445542745165717,0.06577460605830096,0.0146292563703667
-0.03347075103893575,0.019255067172885058,-0.0079866088926792,0.1416691902165479,0.06441604506578051,-0.0158468053341753
-0.0530127083669661,0.028352498996029516,0.0145792821422219,0.13358316936608464,0.06425169798305161,0.0231494803608706
-0.12215988930704014,0.06257083089040176,-0.0126630738377571,0.07311880445558701,0.06463777323929197,-0.0249955419322173
-0.12174016528450456,0.06703110738812183,-0.0070346714928746,0.0734991079940346,0.06564814322844573,-0.0144107469936795
-0.12082136738799834,0.06961093772306558,-0.0009406371973454,0.07477020485020529,0.06461774905529476,-0.0031619294341095
-0.11584237343328004,0.06870563437241711,0.001434457139112,0.08301890985371475,0.0646175584329405,0.0018272731166167
-0.04944823010679559,0.03042278268963102,-0.0042258030734956,0.13688059962020455,0.06552239538572914,-0.0067968305992467
-0.056664549123129265,0.02736333244785038,-0.0169088821858167,0.12867709310536568,0.06505625741258263,-0.0281538574569484
-0.10095111860648179,0.026502469001379203,-0.0282728429883718,0.08908836668479828,0.06404026925877737,-0.0520363675721783
-0.10505310481520433,0.04489844192424256,-0.021735779941082,0.09196433970804896,0.06447993618591248,-0.0385559207392968
-0.11507534516557712,0.05717440659875155,-0.0163577683269977,0.08219282091337371,0.06433911668595813,-0.0309858530097576
-0.09946004154883258,0.05043005066168236,-0.0163142196834087,0.10010174678985892,0.06572492879577628,-0.0285830637195122
-0.08824514201507458,0.047837022119141884,0.0166172888129949,0.11292746289247678,0.06413992725531921,0.0263704048901791
-0.07127929745088678,0.04164132515787115,0.0121606178581714,0.12678994702175955,0.064847913950166,0.0183874101543614
-0.06087226722888345,0.025371587571953187,-0.0207817442715168,0.12352248677324755,0.06472646224014034,-0.0352458642988423
-0.0643032252753461,0.03946010499131237,-0.0079660266637802,0.13229773924005492,0.06447635625051104,-0.0127877985604882
-0.08350142010572446,0.053299898282062746,0.0008212320972234,0.11927795685456123,0.06531186103078773,0.0009637833197989
-0.09232783221145056,0.05282006629722406,-0.0125316027551889,0.11001311903762906,0.06452870632097236,-0.021739065075126
-0.08116864891747437,-0.00203169574418329,-0.0275645852088928,0.0665132210567423,0.06541963118175922,-0.067469805956001
-0.08102133638013664,-0.002394367071633021,0.0273993238806724,0.06651312955114232,0.06541926866843843,0.0674699926695532
-0.12191771536457048,0.031470470885916736,-0.0271606333553791,0.0665772273380113,0.0656732017782858,-0.0526655538121191
-0.12264325068692083,0.03231932191102029,0.0275444127619266,0.0665502575839164,0.06556635700464122,0.0519289544654065
-0.12591895823048355,0.06850534513056483,-0.0062699210830032,0.066537669837756,0.06551648873797213,-0.0134646195483659
0.0,0.0,0.0,0.0951657045302448,0.06418909825031,0.0662369519228666
0.0,0.0,0.0,0.10199241377343429,0.06561184296334517,0.0617611226161838
0.0,0.0,0.0,0.14116248188484867,0.06551505078668682,0.0311883068476599
0.0,0.0,0.0,0.1391133685542827,0.06519555165615745,-0.0346082289897922
0.0,0.0,0.0,0.1472641929111992,0.06399457226688889,0.0257478068053717
0.0,0.0,0.0,0.14840913991992521,0.06595520676104062,0.0147109771903283
0.0,0.0,0.0,0.14985721332384916,0.06592123188325466,-0.0083397837651514
0.0,0.0,0.0,0.12694581016741197,0.06505912365638611,-0.0469673161084796
-0.02049035895559476,-0.0029723601015017955,0.0065618581138551,0.04566518803796098,0.06590055985407607,0.0765652264314841
-0.08089899427338826,-0.0024978074339486764,0.0272074621170759,0.06554332177963475,0.06570563525175023,0.0675104172537075
-0.05817869082773963,-0.006645380767985265,0.0177498534321784,0.04541218389181683,0.0648944472256725,0.0753011289151662
-0.020235183272649494,-0.0033583315756535188,0.0055088787339627,0.01939533816315979,0.06447830340788899,0.0823538388152484
-0.08104896649369413,-0.0021667694438497853,-0.0273573715239763,0.0655434903177131,0.06570594383066879,-0.067510252302543
-0.020642481629164374,-0.0028732584061790037,-0.0065613784827291,0.04566518619921116,0.06590055390904177,-0.0765652314374339
-0.10281924154981388,0.0036772623004518953,0.0314059071242809,0.06514261453639503,0.06408977896060343,0.065845054439166
-0.10232056697600166,0.004036862121614726,-0.0308388918638229,0.06514287909175943,0.06409026594284212,-0.0658447867217519
-0.05852471113246719,-0.006342148612820836,-0.0176886077970266,0.04541219465507908,0.0648944893733994,-0.0753010947324757
-0.01820981961784218,-0.002932891346773278,0.0038505676202476,-0.016923461277385587,0.06504733555034951,0.0873508808554767
-0.10696130849361735,0.0036290248347205494,0.0309534091502428,0.05970722410621046,0.0654538371063761,0.0658380220486574
-0.12111773477239907,-0.0016095093384800307,0.0302717722952365,0.03507275661340937,0.06467900305586764,0.0719631448259273
-0.10618044883743723,0.00454220203141186,-0.03038215264678,0.05970743784087888,0.06545411355860588,-0.0658378664886805
-0.020180445386715363,-0.0032159108598171994,-0.005399149376899,0.019395328872756645,0.06447826683369126,-0.0823538641088087
-0.055537945832421116,-0.007521142720338332,0.0113352248445153,-0.017112123169748777,0.06429992210894056,0.0859087101129157
-0.09672540109852208,-0.008389952510363322,0.0225964039564132,0.009112383325093898,0.06501266544668437,0.0793627633545805
-0.12637846808538336,0.046003988309180954,0.0234872251749038,0.06487403522452975,0.06421088801082543,0.0442036914529036
-0.12317391417467413,0.02910763516745446,-0.0275176297873258,0.0638126887237846,0.06594728117786555,-0.0539424904005806
-0.016131418669299246,-0.002068854024000048,0.0024530130904167,-0.053352309749172974,0.06518039200593065,0.0915066862334163
-0.1272489268768197,0.06845010288318296,-0.006104105617851,0.06387254270658699,0.06580308896264819,-0.0133455668396917
-0.09314969351780353,-0.008160907655469157,0.0171385668218135,-0.027132307791035204,0.065875289101497,0.0841783138089413
-0.12766670235686692,0.014145763333388784,-0.0301965232938528,0.050090090735402513,0.06449391429000108,-0.064216622361511
-0.11925584898765658,-0.00042191524644542914,-0.0296873822808265,0.035072756868854374,0.06467900444383344,-0.0719631433452265
-0.050357274711201924,-0.005684027038778722,0.0075550409965217,-0.053505466885672634,0.06457363601663564,0.0899959027644996
-0.13525950169566103,0.06502943252872649,0.012569417245686,0.04853032807595908,0.06525683109371729,0.0253901216797563
-0.13239207046546977,0.06889603743016585,-0.0064325276762247,0.053702017727554605,0.06529445675966561,-0.0145459061926508
-0.014340421101398307,-0.0012328844117361105,0.0014220549492165,-0.0898704968240651,0.06495952022421955,0.0947812322305272
-0.1266323653354532,-0.006797730298491235,0.0218555945903062,-0.027403906691191776,0.06479930940983901,0.0821021577502166
-0.1344417600884465,0.06963888818562773,0.0062020351178944,0.048042072615619616,0.06517572187010769,0.0122250244731439
-0.018388789968058115,-0.0027835701902486835,-0.0038585963193327,-0.01692346799724094,0.06504730887361414,-0.0873508966963181
-0.09641889354461916,-0.007789243371977594,-0.0220743156969547,0.009112374406405568,0.06501263028330084,-0.0793627876717354
-0.15057977298241074,0.007632523848679368,0.027821285650134,-0.001967685619854588,0.06408092601322887,0.0727565544684026
-0.1393163987274354,0.06812451723302795,-0.0084033394232392,0.03532556834648,0.06585912113180578,-0.0188684085359777
-0.012680450817728058,-0.0006051060175635484,0.0007366973441094,-0.12645645160443775,0.0644701758800462,0.0971429833434966
-0.04545534529547697,-0.003717357489817569,0.0045741121284663,-0.08998667417149146,0.06449926529211455,0.0932163855428397
-0.15294557974259965,0.007636044317558383,0.0267736669629812,-0.011977104816740539,0.0658988824594069,0.0734799010718804
-0.056012971018436365,-0.007049477639237779,-0.0113932183012366,-0.01711213000229321,0.06429989595380482,-0.0859087256171185
-0.1412652316223959,0.010491130858296836,-0.0295495055615901,0.02537970455685415,0.06511293185006721,-0.0688015231945136
-0.1450308385951601,0.058926835431445695,0.0167127158492803,0.016243098171073257,0.06415584832631509,0.0358324515265766
-0.1531977835485608,0.0012478610468382766,0.0231003519147634,-0.037511988415595734,0.0654779803076256,0.0788518563646098
-0.1211419346352025,-0.006510504257858515,0.0158294960856437,-0.0637035370398552,0.06544428316287047,0.0860082497427862
-0.1412268590160015,0.06946430533689127,0.0053342888131737,0.017634325588759076,0.06483939756735285,0.0111840022731167
-0.04052152386882095,-0.0019981301996721498,0.0024047812912613,-0.12653453035539275,0.06416085432624606,0.0955391440193359
-0.15809587755221283,0.01577998436262615,0.0249899309128522,-0.027911658890894697,0.06485531977497577,0.0696219730407414
-0.15132335202001163,0.04439009700041684,0.0223946925252676,7.084480301466217e-05,0.06441560298308864,0.050488585799961
-0.016386196180705033,-0.00195578924652371,-0.0024113375693559,-0.053352312802769516,0.06518038065011723,-0.0915066916834461
-0.14801689921725528,0.050676949504403566,-0.0203368589282035,0.017482605020468486,0.06585396131357729,-0.0445013271179652
-0.1502684292386658,0.022650532346494754,-0.0275988336652517,0.01397261801747722,0.06552783730848255,-0.0633567308848309
-0.09437684074239737,-0.007634980997387338,-0.0172116551548242,-0.02713231397788382,0.06587526365722568,-0.0841783289159215
-0.1419489492900274,0.06750923635688204,-0.0066516669467091,0.009473128518163967,0.06476876372390812,-0.0153590156495691
-0.14082844137471348,0.0671689597486639,0.0065103722736239,0.003833990250492497,0.06445043637073361,0.0141321522758423
-0.1532445915555963,-0.0018347814437451322,0.0192924682050943,-0.06331565724997582,0.06423364664277693,0.0826681035861237
-0.064993098073131,-0.00039719255823256574,0.0016563333338126,-0.17296806547927873,0.0659306769638543,0.0949891802675108
-0.11401350823814857,-0.004612234112702702,0.0105764362961053,-0.10008713781191776,0.06575659522843091,0.08908603546236
-0.05106543580657614,-0.005429198711401548,-0.0074534406885504,-0.053505470223555576,0.0645736249902782,-0.0899959080898997
-0.12845852559354273,-0.006145409474691577,-0.0217818338423967,-0.027403912875964304,0.06479928439830164,-0.0821021725685014
-0.14149234185496887,0.06111611465988767,0.0109365116804838,-0.011188174300000547,0.06452655749264917,0.0261938071011801
-0.15921329757910907,0.008784423636690259,0.019686734303832,-0.06967314638742603,0.06577231804382626,0.075828022186235
-0.09760476614269636,-0.0004155884790947392,0.002385055180639,-0.17302453850872973,0.06570694910133033,0.0926463873797161
-0.10354367587653289,-0.0027200883026522833,0.0054748132824897,-0.13653443428971468,0.0658165668402259,0.0913058741529715
-0.15214305363687503,-0.0010589985313030894,0.0137867676094174,-0.09925360980892893,0.06405318600288801,0.0852976824025642
-0.014288749935401355,-0.0012816600875494887,-0.0014524901052936,-0.08987049807107088,0.064959516046106,-0.0947812337063737
-0.145414812783647,0.05351012910221848,-0.0153019428253173,-0.02021814629885821,0.0641665003814981,-0.0395124264456422
-0.15272761981010657,0.02682081131594284,0.019241876900196,-0.06822732715149309,0.06405718164360055,0.0631048699597205
-0.13998197006759608,0.0018068930338164643,0.0035224016755819,-0.17318891791799318,0.06465287592716108,0.0889622234565195
-0.1499208361863409,0.0016871587711343445,0.00871535949409,-0.1360707579396606,0.06415030006398828,0.0852215196853286
-0.1516745771226589,0.021297844577699062,0.0170649886131286,-0.08978456348748769,0.06415930567675922,0.0661584273901338
-0.1531696337563269,0.0010552609074823156,-0.0222027730196714,-0.03805910808745422,0.06469151065285535,-0.0796210645227036
-0.15550782121790444,0.03425588712790132,-0.0215961039066314,-0.03331389796338691,0.0651300306533631,-0.0578307818882429
-0.045375781609199944,-0.0037422109668267265,-0.0046433270908892,-0.08998667545447546,0.0644992611938855,-0.0932163870378305
-0.12398316965391835,-0.006319162472510464,-0.0157143548130989,-0.06370353951883931,0.06544427264993209,-0.0860082548603813
-0.1536570153912994,0.007868158429409921,0.0118897575885057,-0.12416226973484025,0.06421058316207146,0.077978789135924
-0.1386153576023617,0.02354921675710699,0.0139146978035569,-0.11674900978381765,0.06461679598050507,0.0622950871605174
-0.13740790834268485,0.016625162913876633,0.0102567113935947,-0.1515340522352424,0.0658430105026345,0.0666088176592267
-0.10892438138802316,0.04135320849449127,0.0070321573875844,-0.075176813883728,0.06588198951573365,0.0257390289220207
-0.14848795546529672,0.04358345922731675,-0.0172574035823345,-0.04294788223374986,0.06523190075191321,-0.0489964768322496
-0.15359404011919114,-0.0005203323247598114,-0.0182915199548006,-0.0651318565476871,0.06441533950402353,-0.0823550431518221
-0.012790584979457053,-0.0005237914606062846,-0.000713710382115,-0.12645645251891413,0.0644701739581438,-0.0971429837926741
-0.11180703603300124,0.027753091811987443,0.0124417217448353,-0.12271038526493648,0.06425880429243166,0.0512876575773908
-0.1480435638617635,0.03921233189849359,-0.017389578744769,-0.0541177260610481,0.0649281453763481,-0.0527592646693327
-0.11378712216939073,-0.004496858805914084,-0.0104420119896531,-0.10008713818874616,0.06575659166046183,-0.0890860368921179
-0.040864082502559206,-0.001826546682917399,-0.0023815257009118,-0.12653453066242254,0.06416085262631231,-0.095539144491824
-0.06477523277458105,0.015607214391943321,0.0120519483461976,-0.16270480020244343,0.06420598543021826,0.0404310008247049
-0.13855143645137066,0.03961893312105373,-0.0147912316024303,-0.06878513349043504,0.06480071895775899,-0.0493363077283114
-0.14586428765899098,0.02702817912637349,-0.0155111132189631,-0.09369849331756898,0.06528846903274005,-0.0616312599859423
-0.041436072953467254,0.021431069804116798,0.0111306468024849,-0.1730580835428409,0.06535106264802357,0.0210366464666627
-0.05551509012161259,0.02039160231177995,-0.0052322684787213,-0.12174458369109424,0.06567393760015654,-0.0146268996544442
-0.1068386260720988,-0.002377953809458695,-0.0058716675266623,-0.13653443470010712,0.06581656534644852,-0.0913058745517444
-0.13540526247470452,0.02345285340742232,-0.0129998670890927,-0.1238676149351426,0.06491266430751585,-0.0618506179437351
-0.06864211627974996,0.019406784833361675,-0.0104957399889826,-0.1383824070549015,0.06406329059806609,-0.0362163228490155
-0.04322942761134159,0.01868366250738835,-0.0121636986732482,-0.17534394137506654,0.065578711728581,-0.0225668467512254
-0.14246402925879026,-0.0002565239605559223,-0.007545527536422,-0.13687114552679103,0.06478718092061064,-0.088171411176802
-0.0547699610617524,0.015033858405719252,-0.0120689952746033,-0.15319267729290426,0.064580846110728,-0.0327521527087828
-0.07763034698851022,0.01596790642495225,-0.0110356174409389,-0.1641482172308396,0.06593397929572731,-0.0447155103831669
-0.06549402209179245,0.00012927291900912002,-0.0016922809882089,-0.17296806485506622,0.06593067725157606,-0.0949891804260923
-0.09902680253173606,0.00011395857793557336,-0.0028577125631272,-0.17302453859950884,0.06570694958440401,-0.0926463873621835
-0.13638539012619308,0.001730790434598484,-0.0041303448379039,-0.17311204839549643,0.06595004637943808,-0.0894062570939235
0.0,0.0,0.0,0.0550152146904279,0.06402223466732411,0.0771344461486798
0.0,0.0,0.0,0.019496361325683102,0.06487852218535783,0.0829715955143902
0.0,0.0,0.0,0.05501520556205489,0.06402219754250121,-0.0771344763275212
0.0,0.0,0.0,-0.016837744011488034,0.06538691790856169,0.088006121595366
0.0,0.0,0.0,0.019496351237555568,0.06487848221612634,-0.0829716231454617
0.0,0.0,0.0,-0.053282723819887676,0.06545606758829141,0.0921931007084883
0.0,0.0,0.0,-0.08981771236136903,0.0651686340126338,0.0954922099580363
0.0,0.0,0.0,-0.01683775081121562,0.06538689091974569,-0.088006137580248
0.0,0.0,0.0,-0.12642097706168948,0.06461071407212694,0.0978716771367762
0.0,0.0,0.0,-0.05328272634159284,0.06545605756966055,-0.0921931055576968
0.0,0.0,0.0,-0.08981771340789706,0.06516862986029152,-0.0954922113703765
0.0,0.0,0.0,-0.12642097749957631,0.06461071233181498,-0.0978716775893376
-0.08116864891747437,-0.00203169574418329,-0.0275645852088928,0.0665132210567423,0.06541963118175922,-0.067469805956001
-0.08102133638013664,-0.002394367071633021,0.0273993238806724,0.06651312955114232,0.06541926866843843,0.0674699926695532
-0.12191771536457048,0.031470470885916736,-0.0271606333553791,0.0665772273380113,0.0656732017782858,-0.0526655538121191
-0.12264325068692083,0.03231932191102029,0.0275444127619266,0.0665502575839164,0.06556635700464122,0.0519289544654065
-0.12591895823048355,0.06850534513056483,-0.0062699210830032,0.066537669837756,0.06551648873797213,-0.0134646195483659
